Speed,accy,accx,yaw_rate,steering_angle,pose_x,pose_y,time
0.0,-0.00390625,-0.01806640625,1.40380859375,,-0.2450709193944931,0.0518199428915977,0.0
0.0,-0.007036470389660494,-0.013959623360339506,1.5869140625,0.0,-0.24506491244462844,0.0518069019281408,0.05
0.0,-0.004869639546565581,-0.022401659209545115,1.6471259091603487,0.0,-0.24504762954019144,0.051787615716975946,0.1
0.0,-0.009169218221959107,-0.01753487478878364,1.52587890625,0.0,-0.24509694895744322,0.05186928687521386,0.15000000000000002
0.0,-0.0019524791344191935,-0.021965551728611126,1.891686177761996,0.0,-0.2450589022670389,0.05180412099081664,0.2
0.0,-0.007096299900273875,-0.019715910782329125,1.5869140625,0.0,-0.24511810341776108,0.05190001370815124,0.25
0.0,0.00045078765755036465,-0.017606245194337226,1.7682620191039233,0.0,-0.24504789431720989,0.05177763969788843,0.30000000000000004
0.0,-0.006741418832929994,-0.01831842343058917,1.6794513663236459,0.0,-0.24509266193657245,0.05185523496707596,0.35000000000000003
0.0,-0.004387548813734156,-0.015145097673519013,1.5260534671566461,0.0,-0.2451096301574959,0.051879797302129896,0.4
0.0,-0.009299294910641234,-0.018321522455320618,1.52587890625,0.0,-0.2450997233328597,0.051867316025431716,0.45
0.0,-0.0034986935775941867,-0.018086587456898548,1.5233562553876816,0.0,-0.2450942745085049,0.05188983295408371,0.5
0.0,-0.010366307314725135,-0.01780821549190936,1.40380859375,0.0,-0.24508569961120458,0.0518541514326125,0.55
0.0,-0.0049048296976968424,-0.018543678901151578,1.28173828125,0.0,-0.2451429173536136,0.05195528447124938,0.6000000000000001
0.48566735212878687,-0.012426561733428428,-0.016365625255523857,1.5217772159880714,0.06556574313127268,-0.24506973916852523,0.05181656551837142,0.65
0.0,-0.003942866757737569,-0.017004404648612338,1.4099113867062614,0.14106382211590462,-0.24507731031957897,0.05183470002801188,0.7000000000000001
0.0,-0.008892552148610993,-0.016297052913310253,1.4397162577401559,0.21656190110053639,-0.24506994777054325,0.051813155443928824,0.75
0.0,-0.0029388385761015094,-0.019039918391299496,1.346205091038066,0.2920599800851683,-0.24511925479816368,0.05189960135434579,0.8
0.0,-0.01202393465739773,-0.016460413708338777,1.5635486950235262,0.3600000143051147,-0.24504769066296114,0.051794277786850564,0.8500000000000001
286.920696731206,-0.03888857432312749,-0.04381355062358143,1.525220096867907,0.3600000143051147,-0.24508154220683281,0.05184515608657852,0.9
723.3949550727814,0.004471896179287008,-0.0116450452810891,7.68513059673019,0.33724651889216756,-0.24509406870145367,0.05164681030441988,0.9500000000000001
1007.0487038871307,-0.02003806896759064,0.39294523874842163,15.746055934700259,0.12768720891030372,-0.24446750718159765,0.052658666839097354,1.0
1047.7074101159294,0.14910343800575354,-0.012985738429463628,10.1479805649838,0.18386804181811678,-0.23663797730522865,0.053531411472801334,1.05
1342.5878798195595,-0.1293860541121051,0.3563859819984664,6.920708878948982,0.18164980885107543,-0.2278752918003506,0.05421242841712668,1.1
1579.6003324637518,0.2181222338691433,0.2720015267183546,16.433521739792255,0.19081984371436256,-0.2127641372319568,0.05500764624841752,1.1500000000000001
2050.9104270509,0.025956755676806498,0.2954169716004255,22.248014873138327,0.2269179757968704,-0.18779301123751202,0.05633335572432237,1.2000000000000002
2606.777905709141,0.017568404240045937,0.2821612090830781,30.633834675296708,0.2515962593396034,-0.16114092702486812,0.05775838507657995,1.25
3245.149183791051,0.04324045931686295,0.2772123701435558,42.59940372615514,0.3008118599693622,-0.11615574074707996,0.06192550294435047,1.3
3864.9027772700147,0.10052289829586321,0.2193945008657186,50.44509832002972,0.3315771079330397,-0.07026372768889558,0.06750427913992636,1.35
4479.141515104349,0.027460727102768312,0.17840396418438037,62.33365469005486,0.35544997962373853,-0.01909107604050881,0.07655333380465286,1.4000000000000001
5057.143249814993,0.14266934217470773,0.2231981886814692,78.38947392066699,0.3185868364890658,0.03156726842645939,0.09011545597620907,1.4500000000000002
5586.560464366334,0.11583997606953389,0.2810685740500251,90.44451233437421,0.24086729120185124,0.09180316831711648,0.11039983990828034,1.5
6279.674450736941,0.12690603199106196,0.3107644221727682,84.09004770776244,0.03662879656419404,0.12353780397100907,0.12222006904515982,1.55
6817.538241935868,0.19530108773306248,0.3128441166339456,85.19172954943942,-0.2271201579932201,0.2265684009405921,0.16978525684970192,1.6
7321.8371016217825,0.13099953872596762,0.21938302855774083,56.865184503212205,-0.333632726716099,0.30081158246044526,0.21084441637644025,1.6500000000000001
7716.194453416226,-0.06703627219269488,0.1442429517611495,14.234897915834882,-0.3600000143051147,0.3742122578305861,0.2525716569358865,1.7000000000000002
7543.119144965646,-0.020101004492022467,-0.10358069195319101,-44.60072371634866,-0.3600000143051147,0.4609553450411492,0.2947853178113371,1.75
7835.488560955198,-0.30146619073275854,-0.20328504354327967,-87.59334384346414,-0.3600000143051147,0.5699540407813289,0.3365187730914609,1.8
7809.196324820004,-0.3733691934916472,-0.10868982725280493,-111.44279048086665,-0.3600000143051147,0.6446882453360803,0.3570172921587241,1.85
7794.725242259513,-0.4876147165960832,-0.05075938377684944,-112.80936841736292,-0.3600000143051147,0.7496732718967054,0.3713096330237958,1.9000000000000001
7742.801118650941,-0.3969058988847442,-0.05489244404425327,-119.28724102002323,-0.3600000143051147,0.8318857932503271,0.37170584921014227,1.9500000000000002
7651.033519553072,-0.395012535992441,0.0071475884966352085,-122.06659626942178,-0.3600000143051147,0.9281769271658955,0.36101921107107826,2.0
7797.416943368057,-0.33805577784207025,0.02368253778452635,-117.57452910332083,-0.3600000143051147,1.0110578459228257,0.3431382151546476,2.0500000000000003
7915.708728514104,-0.46607515380145703,0.0749588797316039,-118.07640961581083,-0.354702603226308,1.0965749916425576,0.31588502577272193,2.1
8306.72350562571,-0.4518319368655689,0.06992992550670708,-118.6573824526118,-0.29935968350885084,1.1809653238367839,0.27869729330870824,2.15
8650.846561321814,-0.41388605909306564,0.27453752644171175,-122.74894669694805,-0.16615479875975525,1.2645292329251239,0.23172962919072354,2.2
9076.475996012347,-0.48967932811636616,0.27832900499486474,-106.39988219030036,0.007464646571285042,1.362110193137631,0.1640323718222573,2.25
9342.475528461331,-0.4892935551496374,0.21683151796885367,-82.04135339273638,0.1500935415274381,1.4242349081471681,0.11305768496981254,2.3000000000000003
9607.715535780497,-0.15260822598417206,0.20957283521696102,-36.89552851326347,0.28345307412337173,1.5021956550676974,0.046196828948965096,2.35
9752.234441492546,-0.08029057211191262,0.0019670034250449664,35.70987838793808,0.3600000143051147,1.6060790165818477,-0.04282340854465712,2.4000000000000004
9250.077265956226,0.2464295068016052,-0.1782895094318448,80.88199495358131,0.3600000143051147,1.6984009457045688,-0.11338696241122567,2.45
9521.691236740598,0.24548103361347687,-0.08439209116160859,109.0873070772169,0.3600000143051147,1.7922504741429053,-0.1737758538955964,2.5
9690.271407252807,0.42501297887401235,-0.09704852522350071,112.6355231384482,0.3600000143051147,1.8734248542438139,-0.2146007495621506,2.5500000000000003
9679.285092552997,0.3326183011773028,-0.03902532012791336,117.12615971646088,0.3575570252766676,1.998433618877681,-0.260278697514977,2.6
9573.369740453607,0.5269936252166911,-0.043720569686331645,119.448651875836,0.32214361989576723,2.0493559245811164,-0.2738345584597807,2.6500000000000004
9564.371809706388,0.4897524240471789,0.09981969397534711,116.95444536949056,0.25363766648614683,2.2057705015977165,-0.29499729235109834,2.7
9910.319287940541,0.48156370008690996,-0.2098526054572848,117.02555919045727,0.20675903883230565,2.3152111975909295,-0.29731324092489797,2.75
10174.051942543141,0.9221362340802588,0.359309133338484,108.91985921989034,0.13867895400422117,2.3788307942462765,-0.2967035524214688,2.8000000000000003
9826.618600539909,0.43068469443139384,-0.15286445085256484,93.28013961633815,0.2258296723107817,2.5310633621103515,-0.2773466942072861,2.85
10084.562470867959,0.35178183860731405,0.07278022951347585,59.43406091148931,0.2545218672936814,2.6507333237767665,-0.25246090925990927,2.9000000000000004
10208.33525310628,0.3354736930467142,0.012093619824256475,71.17980287034729,0.3132371805857072,2.762210453967813,-0.22416069435295022,2.95
10246.851585423568,0.3603622552525233,0.05492789689470305,87.51239421776485,0.33576697624995316,2.864972323263207,-0.19123837356914344,3.0
10138.964243435663,0.555048005359435,-0.10090080760849265,107.44611814121447,0.3201431657264303,2.9831588453163596,-0.1417900589944435,3.0500000000000003
10263.895457901632,0.49989285307443315,-0.0717110560466181,110.1799182259869,0.2837437697602595,3.0596076140562816,-0.0996843931391873,3.1
10415.737095357821,0.47732921886712915,0.1568571621400026,113.2610050632148,0.2588286121238543,3.171200317745731,-0.02600976478623421,3.1500000000000004
10627.330470710123,0.33783729792663314,0.04372121716914604,111.03623789720379,0.21969832147208124,3.2393370330618194,0.02981138328584396,3.2
11169.659577043663,0.5893893100247525,0.21739492710760047,103.1247440575859,0.1984838638246983,3.3534482642141703,0.1418714987995963,3.25
11519.107830566954,0.4285807908507886,0.1644145906988742,94.0644810884698,0.18730147074576703,3.4158118139566587,0.21310622511606264,3.3000000000000003
11971.044944061963,0.5092299446924644,0.1411195028577149,89.12690008786574,0.17134134893611502,3.493906919828101,0.315175336910025,3.35
12351.642779013164,0.6670927603363827,0.16325173014726546,81.39621094502662,0.15755739324353402,3.5904708331517243,0.46185426709660304,3.4000000000000004
12943.55383735751,0.7232349477622954,0.32379934157910095,85.05957035318559,0.13975898011629992,3.6595912101622914,0.5881655039707102,3.45
13338.36466509137,0.503145295748322,0.17176962336102697,68.79736133810177,0.12550865812916623,3.7189420171537013,0.7111542610681568,3.5
13903.1552444278,0.43088001400844245,0.2600288079740819,70.39956238329376,0.10821868882486745,3.7807684647184767,0.8654161745593206,3.5500000000000003
14210.90370224643,0.49061928107883773,0.12426536099836137,61.16041883086242,0.12033169153405533,3.82407427852582,0.9884875154393987,3.6
14666.777141666093,0.4724001243823477,0.2102965240828542,64.06929438092659,0.12390876146070737,3.8754369668840445,1.165408806161878,3.6500000000000004
15138.123235974554,0.41653982883288543,0.12696202605746207,58.21903842434794,0.1197146497953784,3.915139907075178,1.3317347824758692,3.7
15398.623171739677,0.4383236662927306,0.21817774699903403,56.55919767270971,0.12509128375686843,3.9488474146222465,1.5182684123334176,3.75
15676.551008744033,0.4369377853149371,0.18026633134147502,63.50859030378032,0.13556195756740716,3.9716769764530966,1.6970991390385715,3.8000000000000003
15717.797550064803,0.43556377839721844,0.015944719707674387,55.30835483620422,0.14403691397502846,3.9862283448311344,1.8787805519868395,3.85
15802.135397653194,0.29794005805642787,-0.07607329135366651,70.65949047146287,0.14225776511827842,3.9898450761575734,2.023327786175635,3.9000000000000004
15106.244341181822,0.5523347253123844,-0.14246931606211904,69.44131214041717,0.18132102077475393,3.986167516558881,2.2289928599979887,3.95
14988.910955509524,0.3428031179491865,-0.16688848592220668,74.30149309665772,0.21850268929440295,3.968568019581175,2.42244139243151,4.0
14498.645278851465,0.5925083288973225,-0.352714235220116,76.71507145107635,0.26544826060207616,3.94504470863205,2.5817826197422007,4.05
13679.440933095419,0.3415591574663208,-0.4185633701347343,92.3798658542293,0.3161354371111675,3.9092310871388687,2.7457384820245,4.1000000000000005
12653.634434370362,0.3916794108140499,-0.3771874664272272,97.95834649231686,0.34791425071350524,3.8625141211535907,2.9102751170537844,4.15
11791.113869107496,0.6680660588115968,-0.2039345977167031,104.58071806311432,0.3589039915662597,3.816061980150963,3.0365149426129,4.2
11276.233110935465,0.6028406935690943,-0.3354136576505602,106.7153830933415,0.3600000143051147,3.7744069053930094,3.1345058396131367,4.25
10882.634178822806,0.5438733847300774,-0.3546852849575818,108.49032218519439,0.3588725277983245,3.684367231193019,3.297197077621806,4.3
10629.702691820148,0.6337750668838563,-0.22908617266130016,107.09619707900066,0.34438805300306996,3.618665675888611,3.3904134460925697,4.3500000000000005
10360.666685887269,0.8284963910068792,-0.09046839287077267,108.52845727050551,0.29266668625567166,3.580224392627586,3.4370363608421917,4.4
10573.479488622082,0.7958643383551918,-0.0696876131824377,102.5057557203155,0.23610683706144867,3.457797229034668,3.5571516639773253,4.45
10499.390112674017,0.5423246732488677,-0.0031233833261752313,87.5052446576556,0.17615803623018433,3.374590052268355,3.6174523556290046,4.5
10704.293797849667,0.5616164755302424,0.19468466170463633,95.18141084831166,0.14277044462249555,3.2868375992485035,3.6681733002484664,4.55
10828.433103744133,0.7519939002838871,0.1432499657022641,78.31541564014864,0.09153482936605811,3.1703388941259507,3.722204109645784,4.6000000000000005
11364.792589741128,0.41851481294325177,0.21744824352030465,67.11152259497918,0.07174995916209378,3.0941449853236143,3.7542700869960104,4.65
11797.023187090763,0.23521426937867065,0.21069610654986448,54.79556628288062,0.053938751165568205,2.930825732609469,3.8118522249079234,4.7
12373.513531225906,0.31608411619800747,0.1856271798101143,35.793930395686,0.045004209587396385,2.7844187661228297,3.857539688783395,4.75
12993.741290733875,0.3252434753983564,0.23875367464351263,34.61737254673202,0.037489285576170525,2.6553497977140768,3.894466383349889,4.800000000000001
13563.17361548534,0.2205343657077865,0.166834452153539,23.976498616023168,0.03239353907837368,2.4795110192633643,3.9390250683219574,4.8500000000000005
14183.368161740946,0.23857265004537284,0.24745640334701863,27.77073449675293,0.03384689978828191,2.349750317838062,3.9695240283139075,4.9
14774.411965087707,0.21925853980872081,0.2165083731298843,16.267528122525444,0.03436188695821444,2.17319834920857,4.007688923332028,4.95
15346.31055960138,0.22850907488567074,0.31759837080792686,21.669065456308285,0.041704727576150014,2.0007535498041675,4.041585227403937,5.0
15958.288764219678,0.14447569388112624,0.21681622458360036,17.892364737397894,0.05183410429254109,1.8346858635370928,4.071796661700166,5.050000000000001
16509.439160644164,0.10121785710888173,0.23590184677465087,15.110355946702304,0.06599105353644283,1.6476725176424727,4.103673236063594,5.1000000000000005
16968.71774868985,0.04996077040623015,0.23463614370402133,21.23236367885836,0.08202716097848718,1.4374840643414797,4.137616912637835,5.15
17244.312788204716,0.0803699540991239,0.06733302744307312,29.354966594994032,0.09275082911947789,1.2534006824235249,4.162725041380024,5.2
17128.434590950343,0.38667544407702686,-0.016356012341959977,44.679371967318396,0.09486463604433842,1.0520493980807613,4.1867937634533625,5.25
16619.40044473448,0.21532650877313445,-0.14400619613204194,46.139623182485515,0.08984398060150287,0.8315365102992772,4.204339987105466,5.300000000000001
16609.41808970926,0.2791057220134428,-0.40485433682609256,47.16158894777894,0.09788215527677406,0.6325705289343039,4.211366390610551,5.3500000000000005
16911.73989555547,0.582125688043742,-0.05255701337215718,57.29363909603566,0.10846350068940555,0.44074220942598963,4.211476713735936,5.4
17250.58006005585,0.3863331102995464,-0.07396874340786817,46.85337214313501,0.12034838364594133,0.26368051615227756,4.203331279550205,5.45
17192.73661246972,0.5273554553724316,0.12248548816443179,55.81756303284174,0.13530420065482013,0.05836731406658264,4.1849212976197725,5.5
17362.380736144405,0.22789647514423866,0.24688477517803958,63.95866808301837,0.1220433708704626,-0.13562892379884084,4.15831140893906,5.550000000000001
17418.711792498314,0.41080518699768054,0.04512454759378706,52.32243920161882,0.10635812093077858,-0.33055684290594134,4.122538364742234,5.6000000000000005
17078.30703373223,0.5751071353704643,-0.005512367301679661,63.70917737626185,0.11235031143017112,-0.5100891828081926,4.078590571217517,5.65
16437.05419566514,0.3508517731080433,-0.1265291270243235,58.98990707199276,0.12216051875417681,-0.7018318997851527,4.022721074307937,5.7
16174.184544521491,0.4981013116790609,-0.31919797870912375,64.79304053609727,0.13205647463802964,-0.8865971531929188,3.957419688951654,5.75
15752.447678120114,0.6488404480735335,-0.4377780930398165,63.86015425248853,0.15213329027870265,-1.0610009056666274,3.885291931721721,5.800000000000001
15309.963510588226,0.5810269262046702,-0.19593457980216658,56.48985074432058,0.17660980212277802,-1.2234910539482575,3.8085211910596466,5.8500000000000005
14726.156479203164,0.12135359459737305,-0.18495410618821395,60.32065232256567,0.19308248682490667,-1.3741349754367789,3.725170442319213,5.9
14624.516024844716,0.357973604819117,-0.16657092078109673,74.92350546932614,0.20435881019570293,-1.5256195643577863,3.6288167723770526,5.95
13890.26955368456,0.6256946713271534,-0.2794843421347492,86.9666458901426,0.21355743618976336,-1.6442194169985003,3.54045557942295,6.0
13397.75544617156,0.5063513210004817,-0.46077239436968664,91.85938431366351,0.19775229772033484,-1.771611492408825,3.428535348248409,6.050000000000001
13077.326993761588,0.7364022615809096,-0.19294542412593416,93.76515183476192,0.17467793186705333,-1.8730418817225265,3.3225011899007773,6.1000000000000005
13285.219725362076,0.5346803644716795,-0.19206992244795826,92.14900852957875,0.15570917893543823,-1.9630475397518592,3.2085113020446023,6.15
13116.282914472033,0.6807885045478808,-0.017193051725995015,88.82134370201663,0.12226309190857204,-2.034216652341466,3.1005872325876367,6.2
13073.148218176235,0.4731160016409025,0.1551628353513408,80.66119851344227,0.11691379675616288,-2.10956081594487,2.9643628659894667,6.25
13043.745923304687,0.5355991911406859,0.06019115472447495,69.25768103403885,0.13384875802415824,-2.1687929898030456,2.842493436274454,6.300000000000001
12780.035612190519,0.46833375337034505,-0.1567548101935395,57.54663170761735,0.13506650656099062,-2.235826510217735,2.6811356029481925,6.3500000000000005
13048.621735975865,0.3745223600709975,-0.10127029867121996,66.66718857008416,0.13353266901589184,-2.277956542775485,2.564078934850662,6.4
13066.941249389132,0.40435154826915626,-0.07649613644253128,62.4787665894313,0.12081090096065043,-2.3201049586440394,2.422389945624976,6.45
13263.751398384089,0.5079918290521428,0.0127868692495096,65.34447028302803,0.10208319545863136,-2.3576493411951684,2.266154561236693,6.5
13673.321439648029,0.48127641023978296,0.2341059361613276,59.67480537886719,0.08667769580342456,-2.3816819827774607,2.140707820424942,6.550000000000001
14066.86895154123,0.3245184286318519,0.07806180376119198,51.24184355031803,0.07773468438485888,-2.402054526488678,1.9961045579370595,6.6000000000000005
14529.939748110837,0.47720714986083107,0.12590817770839335,47.661929905517844,0.09300722087495683,-2.4229595434491453,1.7911366689545316,6.65
14979.284570034071,0.4568562364484952,0.13312930066866688,51.048182706201885,0.12524521331795752,-2.432849374430355,1.6351029183851098,6.7
15301.283465239077,0.10156480835368122,0.17332275373048703,43.850785709692445,0.1091055764041445,-2.436519754647519,1.4590972795482142,6.75
15555.43327863944,0.610597757329934,0.14229841076273558,59.78824774689606,0.10057590433054119,-2.4339342723527304,1.2639648664779906,6.800000000000001
15261.421910713008,0.6302327574508919,-0.10902036552572009,56.470342047942054,0.10714835985850499,-2.421695395073883,1.0807640037601278,6.8500000000000005
14757.974089601714,0.634608862830981,-0.20728471551882802,52.84367223717319,0.10548921460418079,-2.4040540736296285,0.931276235536303,6.9
14567.34415730337,0.4085330189294123,-0.46857068470085106,43.94708623740882,0.14152123827206395,-2.367824811627324,0.713581424115451,6.95
14084.455225243877,0.2998489152736023,-0.40927133937987925,41.538769952692384,0.21220548830837638,-2.340767102379392,0.5902875990312167,7.0
13274.273124954872,0.36929635964693197,-0.46164450804390106,43.02479274642107,0.2979905638520512,-2.2959359303623597,0.4118370631432234,7.050000000000001
12439.27344679223,0.08881032871590855,-0.42805079979269484,65.32819799422622,0.3600000143051147,-2.259885972932514,0.2955145979798099,7.1000000000000005
11310.93497585678,0.42859072555119243,-0.586874859451,85.09222372069623,0.3600000143051147,-2.20247795004666,0.14758207991561711,7.15
10344.956357231858,0.25435918016919656,-0.5649463939372183,104.56784431971411,0.3600000143051147,-2.14680194841711,0.039573636684371756,7.2
9409.789510464661,0.5719790092178239,-0.4321839164891338,99.92961525329676,0.3600000143051147,-2.0851856281960797,-0.051963664515024426,7.25
8921.556516247801,0.5792477885978193,-0.38090516699432375,104.01484250257616,0.3600000143051147,-2.036434992834185,-0.1118144290521765,7.300000000000001
8316.669479733033,0.4178354575917098,-0.3583797802451898,102.41632585697107,0.3600000143051147,-1.9583555027793287,-0.18642035256856393,7.3500000000000005
7753.581314825524,0.24276916617733751,-0.31189314916957167,103.41447059515649,0.3600000143051147,-1.9015093306270625,-0.23014567713577205,7.4
7461.727565856791,0.3668022695445009,-0.19796932769631823,94.1286106310536,0.3600000143051147,-1.8167548041876345,-0.2852836620231753,7.45
7057.637308467497,0.4247053486097223,-0.10961282625835295,92.09184315058471,0.3600000143051147,-1.7549146052241822,-0.3176147280263361,7.5
6907.853496542013,0.3111874679674883,-0.2065392554577229,86.55429560227984,0.3600000143051147,-1.6799561292856564,-0.34868156345738516,7.550000000000001
6644.760282999403,0.37589871021813154,-0.14958786713437391,86.30443512347655,0.3600000143051147,-1.606161991592698,-0.3715931487467377,7.6000000000000005
6458.390056449633,0.24053891437409403,-0.12373731797499532,85.9399645794613,0.3600000143051147,-1.5498598293140207,-0.38583419864724205,7.65
6270.572496291461,0.20255120442708155,0.05010364583333389,88.86880289713541,0.3600000143051147,-1.4753069951307274,-0.39865156462851997,7.7
6186.764704412573,0.2606626177319762,-0.04076451957650897,88.52498526150887,0.3600000143051147,-1.411299584080693,-0.4049025152921142,7.75
6214.067587948512,0.24301723193106184,-0.024360879380348643,87.97247087423237,0.3600000143051147,-1.335294258528449,-0.4059717608940731,7.800000000000001
6270.226304098949,0.1778209023597441,-0.00024551626626749794,90.34040112271366,0.3600000143051147,-1.2650055167685568,-0.40164302090257026,7.8500000000000005
6345.40374722439,0.49591159591313094,-0.1358954826611953,89.40545022949249,0.3600000143051147,-1.1943964703916021,-0.39231758987110465,7.9
6477.9861232594985,0.24799437746259323,0.012783267553323534,93.64512154276227,0.3600000143051147,-1.1296020213672144,-0.3775093451406265,7.95
6543.5034662879425,0.38901832887560867,0.031100826937577236,97.60072854557554,0.3600000143051147,-1.0586432382302833,-0.35626296973941374,8.0
6832.869785719414,0.20465370033304162,-0.06615831854993194,99.0907305075846,0.3600000143051147,-0.9875285086410309,-0.3300734063319357,8.05
7014.7465135983375,0.5527708922393544,0.0251092856184046,95.85596642607852,0.3552988535777902,-0.9409560039425372,-0.3086481101910682,8.1
7499.702515128598,0.4134011759854825,-0.026100028837776783,96.69309859586868,0.308088679232838,-0.8482657026029964,-0.2547592389768244,8.15
7788.019986350089,0.43348733573841364,0.0720388799871263,101.62041435842004,0.19273482341091344,-0.7742059221297378,-0.20085763047151117,8.200000000000001
8196.85273187506,0.4965822748049334,0.259535117652342,112.0978513722952,0.04884720971490098,-0.7100945261002948,-0.14794849946675762,8.25
8588.17580517329,0.3841351276292404,0.26956708809188773,88.89033955463391,-0.08696082465347384,-0.6297920649314028,-0.0674600192068853,8.3
8949.540688350198,0.1468455847022829,0.13367922400819787,45.181522768893636,-0.2088684414811211,-0.5642187851335076,0.0033427761826917545,8.35
9291.05978560853,0.10923854667461938,-0.012083668602501416,-11.076614759210155,-0.2861007689045821,-0.49422117871519833,0.07529341781972071,8.4
9440.40070929587,-0.24628313753740566,-0.15098819735268276,-65.23329487912767,-0.3171612022842725,-0.4074262623390841,0.15690760560769565,8.450000000000001
9518.657750571942,-0.2801185940918699,0.015743513694497325,-99.54577385778752,-0.34752167393301436,-0.32796252227079836,0.21927196460845938,8.5
9623.07540664403,-0.41286780210161766,-0.01113587902298549,-111.95366123620354,-0.3599895868968879,-0.23528638793986065,0.2787272391302263,8.55
9643.404738670713,-0.537094277451255,0.0916678412996765,-117.02509027690563,-0.3588707573575466,-0.14555660376902962,0.32639953633329355,8.6
9661.063853952468,-0.6217685330966318,0.01045979687946065,-124.70290888217973,-0.34271413684259777,-0.03351540006180641,0.370555901631013,8.65
9728.070611763866,-0.42771410911153984,0.005765011956869764,-113.37317480342048,-0.3186971964455315,0.08000884202260561,0.39826954457997105,8.700000000000001
9834.526348908517,-0.5204631714619768,0.04326743669003855,-112.06089174977767,-0.2937171573199742,0.18612311396104347,0.41360517534049934,8.75
9909.029734657646,-0.3125668610995226,0.05073030441544932,-104.703769108461,-0.2709276430164543,0.29946116514183685,0.4193441084500636,8.8
10134.499776371506,-0.46820694052853096,0.04237705140659144,-111.50769205721386,-0.22672304964472453,0.4173411704791908,0.4139632506209897,8.85
10418.51968774619,-0.6802425077855202,0.1507467479058081,-103.81434974969675,-0.1963955410495482,0.5445545919977848,0.39524309605916264,8.9
10966.947440181035,-0.6609659737908083,0.20911805357537244,-95.90198374834985,-0.15428227392966729,0.6646226529190845,0.3675837641751974,8.950000000000001
11401.811591412343,-0.38844840282897575,0.24201068550290405,-89.20705362180149,-0.08715793867723873,0.7870853558700853,0.32886154936863193,9.0
11905.714244711766,-0.4876375388554834,0.28436959367355735,-74.17242996458386,-0.03314228991051403,0.9029341938436319,0.28421199922488777,9.05
12445.508452751814,-0.38718763853656046,0.3107157188392797,-55.02319290840987,0.014046882470739966,1.0310594498741719,0.22598259502447482,9.1
12758.75115963454,-0.2888980310322773,0.3051800343511905,-26.620017386422713,0.06494376149981193,1.1406855742390405,0.1721961043860653,9.15
12829.258696889343,-0.2995662436760069,-0.09938276747660889,-10.265959926216121,0.10797122132170527,1.299147714982775,0.09004081152700524,9.200000000000001
12595.494123584973,-0.09869108567083858,-0.03244355540514407,15.080335591614443,0.15306844271670783,1.445553467643741,0.012546796037706021,9.25
12599.195145926229,0.1572837361915732,-0.03223575351627554,42.287691670753475,0.1952271417121252,1.5808936665471562,-0.05628581554476342,9.3
12506.092626975873,0.15614818067189598,-0.12834963129820956,64.074186646487,0.22600973347637446,1.7049610081438795,-0.11538931271967862,9.35
12597.414305272649,0.42419671651961766,-0.0570974448936071,87.37661047425308,0.22505502344848255,1.8394252819630992,-0.16994828333745612,9.4
12919.531035376423,0.6532690597616229,-0.024114194873773698,94.82605733847168,0.2237246539380069,1.9750625673886297,-0.2142342705849703,9.450000000000001
12566.598989424207,0.769435368712036,-0.13882606333101333,98.3672090892403,0.21056184832424554,2.1239568442391543,-0.24704872211985998,9.5
12287.802481259452,0.5106437024906678,-0.1713252858009191,94.47154499082959,0.19280450702110996,2.2625072320211923,-0.2644256699621755,9.55
11912.872275401161,0.3111561341775552,0.27608613474441707,101.40813627195463,0.2261613548667338,2.402485703358437,-0.2698051419151816,9.600000000000001
11178.557856497864,0.40398028521149243,-0.18267828687587412,102.98638341279444,0.23891236705281071,2.5300876972267967,-0.26338558867681433,9.65
11009.573405881714,0.823740266895129,-0.3784599150116162,91.17458925932364,0.31987005144224184,2.651365887243404,-0.24838796886700537,9.700000000000001
11439.934767194516,0.502464969652323,-0.09910147200914807,97.03383395242619,0.3427922687454435,2.7856022351681116,-0.21956663423416786,9.75
10904.251646447134,0.5312508222706155,-0.15683540209497646,105.87842891493744,0.35767795808314196,2.9029283314952505,-0.1826840200187988,9.8
10397.295171028542,0.46973277862341967,-0.17551818082677462,109.87651241020401,0.33269352478993036,3.012466245879523,-0.13356004328914978,9.850000000000001
10390.638378977212,0.4840071628886166,-0.13974012483077478,116.4816334082555,0.2997924357553594,3.0981319780411205,-0.08565156650382393,9.9
10610.221021529138,0.5915007697692884,-0.019288701656773776,116.83651467902554,0.2620141781310196,3.2002713761296397,-0.015356543727546,9.950000000000001
10587.746540362437,0.635306394920162,0.05561700982837721,107.14143889584044,0.2192406637249635,3.2634642864002132,0.04091634873636969,10.0
10838.710882864405,0.6424799332251864,0.18664479133410383,111.90287027603527,0.20280346201281282,3.381310285323361,0.1671580732002852,10.05
11194.390751830473,0.24677428104978405,0.23932716678568605,102.01589401339216,0.170330501671752,3.4495196974815845,0.2570136900815532,10.100000000000001
11574.803970724119,0.5870914430361842,0.13379260609063467,88.43048902307468,0.15413948324471044,3.510976150538273,0.3450156460045858,10.15
11842.445455959982,0.42065535845718927,0.107397914903566,87.85489205012736,0.13800012807045564,3.5832263209377944,0.46965278027679996,10.200000000000001
12257.987195963073,0.5108354359954864,0.1606286172395864,71.96359514550085,0.12250726985060628,3.6443479065807884,0.5914722378841678,10.25
12548.800640779828,0.4699539644500591,0.09436078814750122,68.81694534648548,0.1048832228060333,3.7055947862807623,0.733739199893373,10.3
13239.897922981947,0.31322059081033704,0.3031957402122369,65.13508174159037,0.08698391088772633,3.7589835387486854,0.8827515169960432,10.350000000000001
13583.477322815826,0.3002039115196526,0.21711669820757795,58.62806171787177,0.10323525749619526,3.8013175744908967,1.0196759400335353,10.4
14243.046978193168,0.2968622402072365,0.24880240359221617,56.25825639321356,0.09955650261457862,3.841911257782901,1.174605896421722,10.450000000000001
14646.909063466908,0.26225802458281644,0.11871810351579808,53.79707682852078,0.10088616420282942,3.8750427674820176,1.324683404062755,10.5
14863.557652879193,0.45310913607127373,0.12560295240267477,46.16653908586783,0.1121253094841305,3.902680674347767,1.479344935626264,10.55
14633.231596651347,0.29043489195576244,-0.15504178687089962,50.60568482681313,0.12749978916731042,3.9285891513866904,1.6800489397785399,10.600000000000001
14503.579886047432,0.522939625775123,-0.11730100515635979,49.66076666891251,0.1430349707890627,3.9436228530309094,1.8525379127309487,10.65
14302.099244587422,0.26398418445121485,-0.1761930259146362,59.44501476753072,0.15123915442111793,3.9494731580004094,2.023272981748443,10.700000000000001
14475.163526605325,0.5066416303147401,-0.13624263866331254,64.51263891708594,0.17685282566083918,3.9484645806881313,2.1777667523308133,10.75
14093.973134398773,0.3254568148111301,-0.15809115526371598,74.25104864170252,0.2045103216953318,3.9351003974686103,2.3566003066199017,10.8
13855.58446105428,0.5851783502222132,-0.2063771540361148,79.09920767887327,0.22721012042243663,3.916005010321199,2.504616627183834,10.850000000000001
13626.71138507128,0.17959131799352168,-0.08674753902759037,82.6821740711747,0.25067819672606484,3.883944286279238,2.65789857198707,10.9
13180.069747748805,0.6111437419186888,-0.22291089212677456,92.90131625837313,0.27818894083170026,3.838543251247676,2.817767202423609,10.950000000000001
12632.163573237578,0.4030502491625378,-0.38308007198890076,100.74790038716479,0.2927918166905601,3.793824401170187,2.9342652029391654,11.0
12199.915667440338,0.6296401574351898,-0.22495231787857492,104.78064360653956,0.28683854974847534,3.723927536761492,3.0821104486024824,11.05
11805.108505363398,0.7715427520255187,-0.06952951883241977,103.02349566555758,0.2842053327078414,3.6475085473797533,3.2060284971460815,11.100000000000001
11624.7923831088,0.6613507848877925,-0.20233213294898436,109.34416170828811,0.257302775420028,3.57575368057125,3.3008287554459956,11.15
11511.275596095375,0.4323300018344123,-0.16180106881784112,112.49432237393162,0.2084226097218925,3.4892250638476563,3.3923102533680973,11.200000000000001
11751.743208617194,0.752880855817136,0.0886724122374581,109.05739393153645,0.16231118742830114,3.403305540778347,3.46567353890662,11.25
11701.837204596372,0.6440798475528233,0.22526103937754505,95.98834492346565,0.1333482328803917,3.29104655402156,3.5445979528533775,11.3
12225.762868140044,0.5056137317311816,0.29709963177994825,85.31182279402228,0.10846536554236902,3.215645516432811,3.5900077237855847,11.350000000000001
12551.951172055087,0.48849499137355185,0.037364770835301764,62.46918877498864,0.08953882900580085,3.0742414611650513,3.667806227638378,11.4
13010.512374661423,0.2695321044138379,0.11379767350544442,62.80209362267349,0.0813824818103483,2.9102521945673248,3.746768380370235,11.450000000000001
13545.579585540556,0.5184885338695364,0.1723211117448163,46.196434264954775,0.07306283558245319,2.777893586954366,3.803400041891742,11.5
14009.367507798326,0.3155669071214686,0.1969273542965829,47.787105805492445,0.05963926821123965,2.642027052572485,3.855335816213746,11.55
14470.601446615838,0.4600065498775184,0.08338182650899187,38.695120151742856,0.05143774795609057,2.46016977012028,3.917363632023714,11.600000000000001
15042.009400980607,0.3602892761786177,0.23815643810620699,41.4557309991811,0.05062938007148065,2.324606046375273,3.9580597114473033,11.65
15535.142871435728,0.29900928104533975,0.19384168850321715,30.39959912521243,0.0537160203475732,2.169319312261517,4.000779277196985,11.700000000000001
16130.989655007645,0.2677806897305598,0.19476565387744768,31.75138175065512,0.06674290391971566,1.9636165594571517,4.051206394235788,11.75
16518.101400094925,0.39794929719616945,0.045572812071774084,30.874606246382356,0.08001125388801997,1.777281651783154,4.091663419701633,11.8
16836.41274022278,0.36306744535554886,0.05581813014691686,27.39346550146423,0.08949895980369126,1.58513543234282,4.128642036153729,11.850000000000001
17133.244712990938,0.28561213194954277,0.08125863981345527,41.9452844684239,0.09423752194750719,1.4047464742651712,4.158447544810923,11.9
16922.230095238087,0.24949343546755676,-0.1324068547747495,42.59853335927647,0.09428927650712687,1.2032128859179745,4.18541224767919,11.950000000000001
16373.199356448173,0.5377778698073817,-0.0811967681126538,47.4815474761032,0.09245902121113063,0.9890662734397752,4.206426314842111,12.0
16514.01478679702,0.55550183227087,0.03843226521293905,52.47216437984948,0.08822016911547452,0.807542404094644,4.215687191851572,12.05
16484.309795207493,0.39884044082258335,-0.4112439418897543,47.89884602241808,0.10562837041068637,0.5825415496977645,4.217978620178747,12.100000000000001
17209.78524286596,0.3379806905133451,0.021289703676227595,50.78287471964786,0.11968952349978755,0.4256556282178953,4.212763544818679,12.15
17142.26524346018,0.3640678480388057,0.18747298149567204,51.71639777686734,0.1273296028291749,0.23761883195017242,4.198702542025276,12.200000000000001
17403.770531308935,0.544569502620842,0.3261965367337578,57.35218803679671,0.11142668766470325,0.03125269630523293,4.173911374535677,12.25
17540.90473919307,0.3576413722390068,0.08154849421070261,70.46461304634587,0.09538712181873853,-0.1649722049505692,4.140755908463937,12.3
17328.48215807134,0.5105693829204332,-0.10334349044419427,52.46560229351141,0.09150533199708596,-0.3625956816581256,4.097599417054771,12.350000000000001
16817.0606443917,0.7131583927986939,0.10958652681307221,57.809108747467306,0.09356107337850621,-0.5396124008216379,4.047710599280985,12.4
16308.190400413083,0.3600783154638919,-0.27532965365603657,58.54967259894647,0.09443070711262358,-0.7454991024143424,3.979601274830429,12.450000000000001
15992.449047431819,0.43078805158780176,-0.4273734135420992,46.57257567012612,0.10412607392235736,-0.9082201267711008,3.917306892974224,12.5
15358.962128528041,0.3186473686096785,-0.480362432780967,47.41578245627107,0.13609169217449457,-1.0933656625577004,3.835965141091505,12.55
14624.295682182013,0.26068483741688814,-0.5762042393162989,31.927584335220775,0.16025717070357853,-1.248597127606343,3.7609831801175595,12.600000000000001
13854.562906018014,0.15240506657052771,-0.4057571221132351,40.68531162853164,0.20895072041720356,-1.35693351212326,3.7026630864638115,12.65
13730.952640506326,0.4066956781020948,-0.006068047646441921,56.35199411563158,0.23217278673171782,-1.5203697425068732,3.6043732949573704,12.700000000000001
12910.43879786742,0.374906583085579,-0.20791882907112594,83.91729633407925,0.25083210728444916,-1.6429449213683913,3.519296333407722,12.75
12458.517560003795,0.6150936780222958,-0.36787232695890715,97.6037717503316,0.23454948023473085,-1.7459616480807798,3.434582514372128,12.8
12194.96398288883,0.6391139803888446,-0.13106015061547144,105.00639027088313,0.19588826434257645,-1.8428497942171516,3.3391528068214535,12.850000000000001
12521.775847607007,0.7378838226965773,-0.0922350382395605,104.47434118906517,0.15746579977108505,-1.9334117327900673,3.229289176499734,12.9
12462.916117779581,0.6377730574293595,0.19385735228958617,100.42411210062892,0.11524248105993615,-1.9945769341989628,3.137175133820119,12.950000000000001
12576.168312152755,0.48270564460827187,0.3117535713291884,82.07481160083204,0.09863685364911935,-2.067901700961052,3.009959170660644,13.0
12424.33422488292,0.3870121612282861,-0.016296452004829404,55.864914781263124,0.1256276973647302,-2.1178903353615257,2.9131727803831136,13.05
12412.58140669597,0.2589422248596173,-0.023528302040793134,50.34620886639697,0.1350098609388795,-2.1874537248206503,2.7618422030328773,13.100000000000001
12329.769006975697,0.3570921978479926,-0.146471797961866,50.34844799209947,0.1417023408640151,-2.242903901361226,2.628101744847515,13.15
12550.39635896048,0.24123246862215802,-0.022122226891640492,59.37013552264268,0.13715563141057668,-2.2960203166168913,2.4735644137304837,13.200000000000001
12750.029022460534,0.3828019580006747,0.14868958677900534,61.130255394087264,0.12216097695799198,-2.3354190911719526,2.3378425458185896,13.25
13076.5956365752,0.553297270346625,0.20085017992343926,66.32223662399566,0.10827584288670491,-2.366579841569999,2.2056644573809896,13.3
13461.027388770386,0.4501702505855935,0.15363927914445663,54.24313909138937,0.09484309875741938,-2.3965816182131086,2.0434795461596442,13.350000000000001
13928.70509102345,0.4168290360226682,0.3108604558441084,62.07585260667672,0.09681780699734067,-2.4134935437404916,1.9185774624114038,13.4
14275.919869918716,0.39759619275345587,0.1038046561123514,52.260224397602684,0.10029218290390865,-2.4315659606865965,1.7236252383659132,13.450000000000001
14750.960299607252,0.573580993806152,0.3084490899254958,54.31510998017558,0.12006743500567611,-2.439359966070166,1.5697351469925795,13.5
14974.548037538607,0.28182219432548794,0.05747415629745081,47.94524305421688,0.10433184173421013,-2.4407495929674856,1.3822422692039236,13.55
15233.510245656087,0.5176366268799276,0.13648340406863427,60.19409466781476,0.10709305068312282,-2.433864705225148,1.2059469953869049,13.600000000000001
14719.65531036446,0.41014588110466677,-0.14796133310589063,56.93712436781386,0.10195179390937471,-2.4180197894337354,1.0283592216420478,13.65
14327.469790796582,0.5217163486168068,-0.218778451495983,49.51262358773273,0.12087764296921819,-2.3933449209512414,0.8553366568387001,13.700000000000001
14065.681700356856,0.4004652997230025,-0.46055477934482936,42.1142578125,0.1558834415550432,-2.3671382576234192,0.7153771229975183,13.75
13500.723754295006,0.2956041446848439,-0.45896495576825724,36.032977108248915,0.22706409317525256,-2.3246334807886204,0.5334689935072229,13.8
12645.814954607169,0.19983990565210036,-0.514070234273602,43.199740790215785,0.3010428816373679,-2.2856427260988883,0.3907094583458137,13.850000000000001
11918.355922968085,0.19402593521897432,-0.34068064895072947,75.2188152942521,0.3600000143051147,-2.2529239952942985,0.2892132161912303,13.9
10930.180335936637,0.555589437322052,-0.6157483424315142,91.90501730708854,0.3600000143051147,-2.1954978523054836,0.1488465435975667,13.950000000000001
10084.203835510496,0.36684292168288546,-0.4964678689880787,109.30094432463734,0.3600000143051147,-2.1447824556818382,0.05481898449123278,14.0
9312.924008002243,0.7435939286055315,-0.4170530294531509,101.79595893598098,0.3600000143051147,-2.0775077343332247,-0.04128814256114066,14.05
8788.651140127618,0.3013445368158503,-0.3372867558124773,103.41573025560837,0.3600000143051147,-2.023352679359044,-0.10303199617108291,14.100000000000001
8225.514160882278,0.4087690725353294,-0.2721198186103255,103.04257062417838,0.3600000143051147,-1.9384857472374448,-0.17833929957967867,14.15
7774.880456107979,0.1563219755110779,-0.11413473387332752,105.25669904643082,0.3600000143051147,-1.9151522116153026,-0.19607581298202204,14.200000000000001
7412.271653966919,0.4104387684748562,-0.22386341390096537,93.63171565570228,0.3600000143051147,-1.8057499176981338,-0.2670385830628289,14.25
7079.337203680313,0.36716045312874707,-0.15232615735884492,92.69617117728808,0.3600000143051147,-1.747851526524344,-0.2957835708833706,14.3
6981.389958495109,0.3615238696334959,-0.17650414185154184,89.91410296071822,0.3600000143051147,-1.66095557237367,-0.32987677795250253,14.350000000000001
6747.500440151315,0.30365925060181054,-0.0832782899870701,87.09716796875,0.3600000143051147,-1.5960716548439435,-0.34877504133517,14.4
6477.9073246304015,0.2692338729398477,-0.05783623038793059,89.42328516735293,0.3600000143051147,-1.5436868492508475,-0.36063005488219924,14.450000000000001
6450.919714478365,0.4214653469160128,-0.11072472700644342,91.50500946860787,0.3600000143051147,-1.4487006897380843,-0.3756528584554198,14.5
6419.909007943621,0.3113376022478882,-0.041436634588674505,89.92926892155161,0.3600000143051147,-1.3835279950776045,-0.3799212283925298,14.55
6393.916410028684,0.4638748526075647,-0.03758215434954856,89.0725733738714,0.3600000143051147,-1.3166015992981561,-0.3786086418685812,14.600000000000001
6539.740292386561,0.21881000281317423,-0.033694363053918173,92.28487904963268,0.3600000143051147,-1.2377661687241954,-0.3714051378314266,14.65
6593.960116682476,0.4509478257276661,-0.027621600550868375,97.81237070269843,0.3600000143051147,-1.1589384476018123,-0.35785638893509675,14.700000000000001
6775.33547357304,0.24963695034179045,-0.03888981566581916,99.18985631575694,0.3600000143051147,-1.086076449888635,-0.3385325131154739,14.75
6884.389394032154,0.5099757742966655,-0.0050998625211222115,93.75906138526746,0.3600000143051147,-1.013121952659044,-0.3133176526125792,14.8
7256.1974815826225,0.32999642453588207,0.04000829483639252,95.29643401184273,0.35744989611129846,-0.9410876128788142,-0.28071252221272486,14.850000000000001
7493.728656379962,0.485603996340509,0.048943473443085854,101.05091044956787,0.3099075876788265,-0.8767914744531864,-0.2454687573742543,14.9
7826.762163194661,0.42230119740368033,0.1268136303432663,107.32668307002625,0.1820063091768846,-0.8036210899876238,-0.19702778777714797,14.950000000000001
8189.790337140863,0.6199546033454264,0.16336203444245903,112.02328506854198,0.07968520887408274,-0.7258909407810773,-0.1357871897518635,15.0
8689.38035662088,0.4675092059845449,0.274492979759946,95.72791637154755,-0.08146411664084972,-0.6602543707293151,-0.0748230950930059,15.05
9023.316368768536,0.2970353925356907,0.15617415669891901,47.63795278622203,-0.19426727161104196,-0.5872317685835439,-0.00012427535581532693,15.100000000000001
9296.406255643275,0.10577241374834175,0.03453881070347564,-9.450335291488871,-0.26155092032060423,-0.5099547820458895,0.07849723364912481,15.15
9554.42934691633,-0.17542984292047742,-0.0767310106618395,-61.996185773429545,-0.3151449729122675,-0.4276967017051357,0.15308924276611782,15.200000000000001
9677.847798443163,-0.22860103025376208,0.027037393838628774,-99.1935859209239,-0.3275718016601222,-0.3393014675485473,0.22104406003179988,15.25
9770.375601324018,-0.2805690380390762,-0.030248495942711104,-109.38009796933595,-0.3492176322458386,-0.23639035311269194,0.28574514375638277,15.3
9777.928755083454,-0.4655943217387532,0.018375508738555646,-118.07521650993982,-0.3506592804267162,-0.1442145457634698,0.33170373644092777,15.350000000000001
9846.345741574703,-0.30078857388873453,-0.03805219456971987,-123.0719706893724,-0.3356565783313071,-0.03846004113395845,0.3718602747614997,15.4
9899.982144723828,-0.5987934379142876,0.04446811115204729,-112.51754779680097,-0.3100189784467162,0.06065605583548066,0.39641214355183,15.450000000000001
9977.759590040334,-0.5468902865495916,0.15061315638202238,-109.48954255131511,-0.2841238811718802,0.19400240240444033,0.4146459553777412,15.5
10128.194600049232,-0.324784169072035,0.04493897368997084,-107.41268482898208,-0.25838507304380126,0.30108325936465424,0.41874572585601505,15.55
10286.55461865602,-0.6353978444245153,0.0844826158940436,-110.43477675714165,-0.22379881521643483,0.4296953684080993,0.41200591019711,15.600000000000001
10595.732740652822,-0.5837317156516925,0.16018495577519787,-105.46157861105117,-0.1830146474104377,0.539066406294781,0.39505490835764673,15.65
11104.862735381577,-0.6332623790969102,0.4858899946892987,-94.48445786143552,-0.15517776018968085,0.6600835313220034,0.36756330501126455,15.700000000000001
11629.955161079919,-0.39958442858249826,0.22548358554187223,-89.76248863019529,-0.07610310758339571,0.7853626979379172,0.32869958893353535,15.75
12051.473068838366,-0.40324191587056135,0.3312549496142529,-75.1093487389966,-0.023692075242203316,0.9129648586517307,0.2795804779305382,15.8
12621.870707347123,-0.3801517204920158,0.36187554149323525,-61.272897286591515,0.02338154647366391,1.0527578635169377,0.214861525781007,15.850000000000001
12950.019507654904,-0.3591990357547591,0.225492876253363,-27.23317592546799,0.07722320255131754,1.174731577118262,0.15239371657287282,15.9
12939.358970118119,-0.17534312624058965,-0.04304896169403019,-5.467048763424817,0.12089379673246224,1.3224694858970714,0.07371363493274927,15.950000000000001
13034.172291142535,-0.25946939283997483,-0.08867908817215886,22.079898766949015,0.16972698320851917,1.4475884142063737,0.006647467760390597,16.0
12772.354452520914,0.1256124910783426,-0.07793777768374371,51.518890424018736,0.2077372062514377,1.5828600452928263,-0.0632929720764398,16.05
12647.717976976519,0.09458745830120902,-0.17182873027239665,76.40635519647645,0.23061788226831248,1.731175818247065,-0.13335345722170938,16.1
12969.379601802757,0.5547658607216016,-0.10857364571035752,89.98597375723476,0.2250757899075517,1.8556512732520822,-0.1829440527388272,16.150000000000002
12914.625455236659,0.504513173165515,-0.046283465399674054,93.61020630551896,0.22984476762832176,2.006081174830598,-0.22897333702979084,16.2
12783.74206849428,0.8843132206349847,-0.10541790290401445,102.1203088463508,0.20525082517248305,2.1497377915763645,-0.2588374565751232,16.25
12532.614970153747,0.1936386541529109,-0.15396738644221403,95.13589578676932,0.20226829498268203,2.2924071578021303,-0.27338104332457014,16.3
11659.942153335158,0.33787597691321636,0.1915121110956347,103.60811289273809,0.17870095207443476,2.4346228705791884,-0.27697551214552524,16.35
11352.454339741107,0.4051360375093319,-0.3465961403131999,104.46097263749155,0.30194495345115785,2.5747846837654498,-0.2674466401008863,16.400000000000002
11453.250727496621,0.9778563524967033,-0.1585494435814313,89.97211383786487,0.32614238600905615,2.7048809203438995,-0.24899666498906972,16.45
11575.297463121187,0.3890795224881604,-0.1821160139691751,99.11259609982136,0.3600000143051147,2.8227884285183027,-0.22045332864291958,16.5
10517.026655843754,0.5425656882387327,-0.30602108837602837,106.86050737681137,0.3600000143051147,2.95061083964668,-0.17694532746184338,16.55
10397.0741179252,0.6378024373658322,-0.14209504951943236,116.1038174125137,0.35670046434565206,3.068544731757612,-0.12069677458717343,16.6
10430.730987860403,0.551412446425235,-0.28517371227057176,113.48352349090732,0.3116179100776196,3.127047206721909,-0.08580966023244502,16.650000000000002
10573.81217073663,0.5498875146179887,-0.1529923162774751,114.51399164338623,0.2660007994750366,3.2467122958162133,0.0031039792416653993,16.7
10449.335998512459,0.46017829517567477,0.10154748550049175,114.08772086389564,0.22434109939134572,3.3000735349466015,0.05366404047689479,16.75
10586.012478480383,0.5685035614425242,0.16474771900213886,117.74536926622335,0.19619249775872982,3.3886887954622957,0.15232832602998453,16.8
11063.41244733359,0.6144985835363287,0.20374051781375666,98.97623985437566,0.15703663904040122,3.4701334498747856,0.26360790009288276,16.85
11427.104296551985,0.4000395609069739,0.22676128500753376,82.94024902956471,0.14152955329305325,3.515798199681978,0.33510692019196003,16.900000000000002
11827.15462554527,0.45842033479123423,0.17412561685216554,81.17122914280627,0.1284143894999214,3.600832665817545,0.4869108094732906,16.95
12232.350243326942,0.3939008512257566,0.22948998168476784,64.23801517008239,0.11193832141541543,3.6609207894376863,0.6124953818718393,17.0
12712.88457225019,0.5558763081434743,0.17083356939671906,64.15081897433761,0.09854210359074814,3.7199763145745193,0.7560686842375525,17.05
13187.964742532538,0.5461205521710337,0.20654306896286562,52.651721004550225,0.0864470005500146,3.7614269787685437,0.8742246432899576,17.1
13783.144839585913,0.4423323547357457,0.25382148527670206,57.089677498616915,0.10712774470282665,3.8114662784246094,1.0349395165133808,17.150000000000002
14289.355040375744,0.3726623790636687,0.07653947927139582,46.61813181174513,0.11111911410061616,3.849019715529879,1.1791153993544965,17.2
14790.683743702548,0.42026221803715347,0.20808208652690555,52.995519975950636,0.10977577173746343,3.88837632890475,1.3554786069173799,17.25
15155.321665117295,0.1932784000475223,0.15474787939019752,47.37062918888775,0.11692022688082279,3.9160984073114977,1.514489243440371,17.3
15078.538214586542,0.4080851882899388,-0.05693852058289989,53.48721371199395,0.13546246847411944,3.9394775296446505,1.6901715052295199,17.35
15134.244345721834,0.4964997485715498,-0.10503351892873308,53.29862320681325,0.14786160695872647,3.955889740568938,1.8811982533029834,17.400000000000002
14712.777611673831,0.3872637526848306,-0.10646756715977448,64.26105174934114,0.16141615227936126,3.9617920148945833,2.0428200000866195,17.45
14732.30731781353,0.6304721824222599,-0.06587551299652272,67.57667435207046,0.18354804959507032,3.9598458733719792,2.2149144289559723,17.5
14407.202484992662,0.5180070201884488,-0.20377645844051662,74.94331479544103,0.2073685543631498,3.9449888456842785,2.399599132414468,17.55
14281.368917129992,0.6155073533613791,-0.09292474529789477,80.226270639151,0.24525714822962988,3.9213305746647147,2.5634646371550573,17.6
13625.374370775176,0.40594552143342866,-0.3774995787180119,90.14957723616808,0.27761119963010067,3.8915277131829686,2.697351938577123,17.650000000000002
13014.842589241174,0.47146580845048425,-0.34497720036164914,97.41805045970877,0.2948876578701336,3.8411712542406873,2.8689842755872617,17.7
12255.312221853204,0.5572749196141479,-0.25692699959807075,104.6046413409365,0.3112016357824289,3.803927041875803,2.9670736082533433,17.75
11834.708593541493,0.5432051256209232,-0.33353401982317166,104.54974893771318,0.3102951489418712,3.734854518366648,3.111440098354232,17.8
11568.146050609825,0.5979386716267987,-0.2334207174359992,101.52301463848795,0.28379050913937137,3.654570666478395,3.241005541610912,17.85
11355.125116989775,0.5304855373482308,-0.18529727492771766,99.94062085275723,0.2607888763698117,3.5842284442825525,3.3328421671263158,17.900000000000002
11310.397414837103,0.6040858192764604,-0.12848789776152197,101.939255523471,0.23241267211290575,3.4997324785383523,3.4222035897350565,17.95
11221.74690351388,0.6290856568170515,-0.17251751117614683,101.87231538297019,0.17918852992454506,3.414563896810674,3.4945516719245724,18.0
11327.200969888358,0.5928069896830116,0.1656895172386799,103.08605226323868,0.1383215485715292,3.290704610850928,3.5793219511137946,18.05
11632.165459849837,0.3185985821290742,0.24718682391111263,91.27539117135811,0.11223553844570558,3.197815686200901,3.632707123986653,18.1
12123.254121914259,0.3512967730122744,0.3016561758186788,68.12560939167413,0.105928000726516,3.0614814162136255,3.7017107705557124,18.150000000000002
12448.210864958102,0.36999271138073947,0.13093042557591242,62.25290327208873,0.08149372801923813,2.9730840679263824,3.7418522407976726,18.2
13107.143501527242,0.40047082054320504,0.3184363443857619,54.665604487209,0.07249282466846642,2.805182709193339,3.810495878125756,18.25
13528.917625681412,0.20170103683276275,0.16798245978773793,47.70158337302909,0.05409475347378147,2.671005587748903,3.858463542063594,18.3
14127.52259331555,0.4390323962543896,0.22794761769691158,39.20592130948539,0.043288858165572985,2.5206158291733756,3.905986391281815,18.35
14603.099061184874,0.27740794193896884,0.21379217836202108,39.07280348213459,0.04055109078498834,2.373235128070428,3.947399807179922,18.400000000000002
15206.516876173953,0.35561452367103275,0.23034755998459158,25.772863369944137,0.03793467682362505,2.1806362904237866,3.9959571887243235,18.45
15679.997974461796,0.1221712730086901,0.1898139904225371,29.087659512822647,0.04787475573091647,2.0219707405832064,4.0314246891539,18.5
16309.597432130322,0.280139646128951,0.285298294723655,24.17061171217125,0.05871262227056424,1.854950702789694,4.065762722136878,18.55
16768.382866055475,0.5516589038548378,0.2483725965301608,23.891579542687797,0.07293086268171554,1.6348137554997888,4.106827681623401,18.6
17057.839603204888,0.15745278075509672,0.11985734588883416,23.479431806672412,0.08685629915019964,1.4423745568227124,4.139666240406268,18.650000000000002
17261.03039324747,0.2437574992058491,0.04309660453786958,29.756798857905657,0.0942224882168296,1.2548958983990262,4.167378108852477,18.7
16977.881611142482,0.3697768410449066,-0.17096119528100057,43.9443080540813,0.09677815043092791,1.0354286864347657,4.193726629336752,18.75
16480.709931746685,0.5474124326173153,-0.22678711285073005,43.25863723130326,0.09484039588211443,0.8359175263992358,4.2103278926258545,18.8
16489.643330671395,0.25278270930132457,-0.37166087688399907,48.62489766811089,0.09360121972083389,0.653800260026722,4.218461285656262,18.85
16416.67173608895,0.3966156028607514,-0.16140718989054995,50.95931023991925,0.10122075070229518,0.44711447904947554,4.218706915056823,18.900000000000002
16787.49948825335,0.4001582280961839,-0.0736716976884245,42.02114113645966,0.1135803007064858,0.26118395066007905,4.211440448760986,18.95
16732.6293768207,0.441559611125395,0.13522333133086958,54.17676018954531,0.12406415689588979,0.09024276766178095,4.197151843205034,19.0
16715.358951764836,0.3793635695757778,0.07722765713055083,56.010087251430086,0.13258447652513095,-0.09412216465709183,4.174104862359377,19.05
16955.031442022417,0.4731420525009451,0.23144621375449198,57.37282156137701,0.11543196315025536,-0.29610905970612156,4.139817004628358,19.1
16616.316200420035,0.32702821653359904,-0.17616335289474122,62.57892027152402,0.11367165607329707,-0.4856567546474784,4.096493562588076,19.150000000000002
16328.01337400167,0.7319388012567764,-0.02423865846041929,63.469305312400344,0.1217176312422288,-0.6554535118363793,4.05023451782697,19.200000000000003
15844.75607591397,0.6807350522145527,-0.06868270555943326,71.9550716133216,0.13580699607606153,-0.8369129517624395,3.988208495231638,19.25
15720.316259893678,0.43826654984365193,-0.26267669724437165,66.1543930285204,0.1465273412134027,-1.0234780574348632,3.9131919894419918,19.3
15326.749710865848,0.47525677779613523,-0.33616188794030605,68.94944649024758,0.16518228308798044,-1.184169436605352,3.8357581097481974,19.35
14692.48496068181,0.4128589995243632,-0.39555742077629635,61.89584947203704,0.1848601305539631,-1.3361649880782172,3.7518980819917847,19.400000000000002
14406.734780625067,0.6579077365834072,-0.2324016406160351,73.23658510105476,0.17943281398376407,-1.4530672251926924,3.676731730074019,19.450000000000003
14808.64045418856,0.542009819927256,-0.18326229900437901,85.98249430142431,0.18544595592089927,-1.6055020093319277,3.567299894305705,19.5
13595.510792880448,0.714694119282874,-0.14503805795834104,85.80678629287844,0.17545693857815814,-1.7150984207257423,3.472358912643881,19.55
13539.273201746979,0.5495081151330455,-0.16085630596871553,85.79152092758979,0.16494825045668424,-1.8406119186626373,3.345411776278095,19.6
13720.41591269653,0.5488813650691963,-0.08501967190884228,82.94268521146704,0.1543495982523191,-1.914535846447443,3.25755438385061,19.650000000000002
13732.518756137475,0.48997510172322023,0.017875937658208763,86.13716583743086,0.1286662388087708,-2.0174225231525527,3.115198951514136,19.700000000000003
13717.775835875496,0.6705903423657152,0.15852649949000036,77.07775046901752,0.128903839043935,-2.0959274272896455,2.9868639425937995,19.75
13654.56171749599,0.08095201063012125,-0.03804927658753899,66.43293978829473,0.14722258968053767,-2.1527076568828076,2.883096379082039,19.8
13618.193627392693,0.4588733468166992,0.123381666019949,62.155217998148764,0.15000393860433553,-2.2350202934072407,2.7087373272392083,19.85
13636.291309837867,0.5435908445004966,-0.1669542402942018,67.75060457107493,0.13908824832369626,-2.2944202767570445,2.5617766321140767,19.900000000000002
14091.328212327082,0.4861471253887982,0.22536016411804677,68.95084240086229,0.1307671801597102,-2.3398108590651927,2.427250578984038,19.950000000000003
14205.99651983219,0.5533840200311059,0.17883737957277104,68.6390541807075,0.12839278849516075,-2.383198372043097,2.2725275566660583,20.0
14318.095409500791,0.6758478549690464,0.07522885863613236,67.99891389722848,0.11909080590358309,-2.421950818669086,2.098913190435009,20.05
14418.941485334184,0.49348951734213187,0.09608117982525642,71.53461311163767,0.1133162433768035,-2.4465606587328312,1.9350445107917555,20.1
14543.652708657142,0.6033987443680482,0.011256719161001679,67.67181869456894,0.11436318841400497,-2.4609269990201454,1.7965224490936265,20.150000000000002
14724.215168532248,0.4740703216203116,0.04274354471691391,65.38657471314725,0.12382182092795767,-2.4683374145942545,1.617844638197796,20.200000000000003
15050.431773972767,0.48185822398298195,0.14317657822284766,56.59136564042407,0.10701873540580939,-2.4668284944133605,1.4482609187158504,20.25
15329.89383489321,0.592622592242573,0.29358152306638774,65.8536063409971,0.09100860746212677,-2.454721985762781,1.2599194813030177,20.3
15030.710894154345,0.4754255557017474,-0.21696439265349482,54.91582907046529,0.08353237812067821,-2.4368989634327787,1.095311570153312,20.35
14476.768503057929,0.5313524451135039,-0.08023465478286455,46.345498695965354,0.09509402240251746,-2.415941002124735,0.9647775661648766,20.400000000000002
14303.265325222259,0.5120156733128094,-0.43652104517600887,34.41432003624025,0.11078878333155957,-2.369950907011148,0.7373652880080865,20.450000000000003
13862.575881086572,0.06387324204504014,-0.4498965325739272,28.551509309041073,0.1681613516700813,-2.3434780513533684,0.630031975777513,20.5
13134.193078381402,0.3054227847579674,-0.5393576327076467,31.627792412910097,0.2727534091600308,-2.287522097992072,0.4285702145912016,20.55
12247.441484109078,0.2988458743224871,-0.5212820555748723,45.763751224637986,0.3600000143051147,-2.2518124379777427,0.3181214533681348,20.6
11437.014210918149,0.5148048164198854,-0.3936945747484376,77.67758069011751,0.3600000143051147,-2.1944297607547534,0.16872553267086057,20.650000000000002
10551.936211639151,0.5251100101436923,-0.4875454744267538,105.48935203711513,0.3600000143051147,-2.1435296906598182,0.06726032836539589,20.700000000000003
9566.185099685204,0.43862714936697084,-0.5170384939202535,105.24838056304321,0.3600000143051147,-2.098246772378678,-0.0045023876881600585,20.75
8915.895351922443,0.438999060966509,-0.2733615747771715,104.38143333786006,0.3600000143051147,-2.01778096334619,-0.10574368968309246,20.8
8362.18074253301,0.4944687733904768,-0.413691977651701,107.52639482332103,0.3600000143051147,-1.9504729849178335,-0.1691826322108139,20.85
7858.171238953322,0.31118161349072154,-0.24050103028837136,104.28857530412114,0.3600000143051147,-1.8833784985487072,-0.22167781219424956,20.900000000000002
7466.299559587639,0.45383592210306206,-0.19400325811977692,92.9307201706128,0.3600000143051147,-1.8086105646267614,-0.26951523714026104,20.950000000000003
7119.452186670223,0.27262381238102024,-0.16748046875,92.21611278273801,0.3600000143051147,-1.7453971295158737,-0.3012161090427517,21.0
6844.464499639231,0.2540888174010304,-0.14160354921158,91.59086582647203,0.3600000143051147,-1.6718492573398984,-0.33166990259847173,21.05
6647.287658112749,0.39915105257250655,-0.11352856913727202,87.05551295613486,0.3600000143051147,-1.6248998468493614,-0.34792524475302183,21.1
6414.24150836738,0.1938212634130167,-0.10512277991823948,83.71221349409983,0.3600000143051147,-1.5377147987903714,-0.3699091355254187,21.150000000000002
6290.470201393527,0.2683742531425164,-0.023630220415676903,90.51835575029693,0.3600000143051147,-1.4628414277282356,-0.3820776899528766,21.200000000000003
6316.240635455418,0.323583485224505,-0.08439413009995726,89.75737137789413,0.3600000143051147,-1.3980781925519383,-0.3881390242422286,21.25
6226.8047768395645,0.33985221285593736,-0.02266361332310514,86.50950624165772,0.3600000143051147,-1.3278690278020415,-0.38935848338444945,21.3
6294.919149946582,0.2561798192398237,-0.02640192157307512,87.62556042169875,0.3600000143051147,-1.2567908958554894,-0.3849589538807299,21.35
6429.430173813397,0.35582413371496024,-0.020574023505101877,92.3742597546929,0.3600000143051147,-1.185218396536327,-0.37475006168840813,21.400000000000002
6523.747295755727,0.3908495864212739,0.03269526683813556,96.67668664381519,0.3600000143051147,-1.1146612353786578,-0.3589929547661,21.450000000000003
6705.958285300025,0.5300903573946275,-0.0152458827266993,93.51730188158578,0.3600000143051147,-1.037644340677842,-0.3359292032374235,21.5
6884.181030064081,0.28463864015663737,0.07721020236026988,94.13204061176056,0.3600000143051147,-0.9665014324814877,-0.30734008725454065,21.55
7194.882190229513,0.44655179396053146,0.02144719332893706,95.65169435249697,0.3545065930638991,-0.8964729228018653,-0.27179769383117736,21.6
7469.454689661766,0.3443129298855366,0.1453059701666322,104.47052211289298,0.3026900239325151,-0.8329526541770119,-0.2332216081141841,21.650000000000002
7936.1421965093705,0.644517405737776,0.16068055894439237,103.82932397098551,0.14793642079800406,-0.7687491636925176,-0.187923036254157,21.700000000000003
8271.508745068017,0.3561367924650306,0.2511207940863918,108.73843999596507,0.017586752464992344,-0.6937635293033458,-0.12437417141370187,21.75
8753.472193995938,0.39087903603349927,0.1843601145792257,80.69295435593534,-0.1229308371278504,-0.6246630513864649,-0.05556465761857359,21.8
8994.147122843027,0.2687691276308597,0.03872967735823196,31.103971211235553,-0.22685914359267229,-0.5463696570305807,0.02654678701833619,21.85
9237.995514219288,-0.0662644434253229,-0.021159941308691692,-29.93977883893429,-0.2919779005821367,-0.469349089208431,0.10398246119828908,21.900000000000002
9444.412357791958,-0.1335929727760153,-0.046374743997547124,-70.09395603888179,-0.3317464529404694,-0.3875010434290978,0.17610220187478678,21.950000000000003
9571.432408759125,-0.3301050701472396,0.056702217303923955,-102.03440110838572,-0.3532880081443964,-0.2985165815575695,0.2410298086214863,22.0
9617.329444748037,-0.5229199260646562,-0.01556211557569111,-116.44453066344813,-0.35651862128184153,-0.21117025431040573,0.29377342314810145,22.05
9642.441581437946,-0.5324298104513682,0.05017055719246763,-118.7045662746345,-0.35098587708689777,-0.10322886491932787,0.344370326737865,22.1
9713.53480821379,-0.3366319724673427,0.06022441683442935,-122.60829058442238,-0.3307592649689594,0.00245379391691454,0.37972348343279844,22.150000000000002
9752.396274772398,-0.5804120457537336,0.08871366412565938,-113.04073590669316,-0.3076354892416676,0.1033877383954506,0.40166106537623847,22.200000000000003
9899.59286231927,-0.4243351943645304,0.05413715680144427,-108.4540109950493,-0.2849954033352878,0.18756937383332858,0.4124401210243451,22.25
10016.753200289528,-0.6021784514266865,-0.0071379422670722545,-115.1846141248509,-0.18509788722730514,0.34186815677006843,0.4165385848977724,22.3
9786.890633560632,-0.6015386959615544,-0.09088874911053119,-113.64634512319786,0.0,0.3572212859362823,0.4160072554020948,22.35
9235.909868108556,-0.397430587999425,0.0019111938972084658,-85.21439138248196,0.0,0.5766080259739792,0.3852689770981166,22.400000000000002
9063.975687767484,-0.15814803319851592,-0.3640274120852999,-36.69132724319959,0.0,0.6881834086280301,0.35829495384228544,22.450000000000003
8639.494502311323,-0.06140001099858854,-0.4349682718642854,-12.227972315312686,0.0,0.8000012194453666,0.33099403221739476,22.5
7983.431615343046,-0.05965436414705587,-0.543630732398702,-3.7543571113152154,0.0,0.8791697317079145,0.3115384325269083,22.55
7140.694513239897,0.0642085107512988,-0.6881383408344769,-5.745105305568489,0.0,0.9553086934164867,0.29228743120595607,22.6
6044.454035959454,-0.10154653767682378,-0.5390728597075178,-4.360478945034475,0.0,1.0312671602764985,0.2723640094934661,22.650000000000002
4977.313209031124,-0.03073909193276067,-0.6482877830618543,-5.163255208408124,0.0,1.0929974968228606,0.2558808661848427,22.700000000000003
4005.103108600095,-0.15132929887918398,-0.5623026355973614,0.237814919336367,0.0,1.1324098271295802,0.2448027209534203,22.75
3037.3915408147104,-0.027483721166595365,-0.5801523648414002,0.8220122568874345,0.0,1.162698390406633,0.2361300619183003,22.8
1117.2209397770273,-0.04301659266721424,-0.5432703035698422,1.5536701238501978,0.0,1.1787950617146064,0.2313188199893311,22.85
-378.28576554595674,-0.07787723175358584,-0.4199772565696687,0.35483857630769045,0.0,1.188500679714819,0.22836212969568917,22.900000000000002
-570.0790531486451,-0.08231014784453976,-0.2190941094197196,4.222288527190555,0.0,1.191203760183484,0.22755884270449755,22.950000000000003
-354.92784153434997,0.01976223589193707,0.03967843678754793,4.56989521001651,0.0,1.1875910084471493,0.22816950965756283,23.0
-530.1393765381448,0.013014128258132647,-0.02086880338023789,2.6580278576577143,0.0,1.1833688369505773,0.2294532013774769,23.05
-618.6463948201676,-0.011127119060700949,-0.07892840573848607,1.231038093929905,0.0,1.1787541994001107,0.23075360014800522,23.1
-620.838184685978,-0.02059437499041085,-0.0004580314264403876,1.664652339195153,0.0,1.1730994276951736,0.23232979867111422,23.150000000000002
